"File","Words","Examples","Density","Path"
"AUDIT_REPORT.md","294","0","0","C:\Users\polyc\Desktop\DYNASTY\DYNASTY\ohu-legacy-codex\AUDIT_REPORT.md"
"COMPLETE_PROJECT_SUMMARY.md","1081","2","1.85","C:\Users\polyc\Desktop\DYNASTY\DYNASTY\ohu-legacy-codex\COMPLETE_PROJECT_SUMMARY.md"
"CROSS-REFERENCE-VERIFICATION-SYSTEM.md","319","5","15.67","C:\Users\polyc\Desktop\DYNASTY\DYNASTY\ohu-legacy-codex\CROSS-REFERENCE-VERIFICATION-SYSTEM.md"
"EMPIRE_BIBLE_MASTER_INDEX.md","775","0","0","C:\Users\polyc\Desktop\DYNASTY\DYNASTY\ohu-legacy-codex\EMPIRE_BIBLE_MASTER_INDEX.md"
"FINAL_INTEGRATION_REPORT.md","1306","2","1.53","C:\Users\polyc\Desktop\DYNASTY\DYNASTY\ohu-legacy-codex\FINAL_INTEGRATION_REPORT.md"
"FINAL_VERIFICATION_REPORT.md","885","1","1.13","C:\Users\polyc\Desktop\DYNASTY\DYNASTY\ohu-legacy-codex\FINAL_VERIFICATION_REPORT.md"
"IMPLEMENTATION_ROADMAP.md","1412","0","0","C:\Users\polyc\Desktop\DYNASTY\DYNASTY\ohu-legacy-codex\IMPLEMENTATION_ROADMAP.md"
"INDEXING_AND_NAVIGATION_COMPLETION_REPORT.md","482","0","0","C:\Users\polyc\Desktop\DYNASTY\DYNASTY\ohu-legacy-codex\INDEXING_AND_NAVIGATION_COMPLETION_REPORT.md"
"MASTER-AUDIT-AND-CONSOLIDATION-PLAN.md","327","0","0","C:\Users\polyc\Desktop\DYNASTY\DYNASTY\ohu-legacy-codex\MASTER-AUDIT-AND-CONSOLIDATION-PLAN.md"
"MASTER-AUDIT-SYSTEM.md","306","1","3.27","C:\Users\polyc\Desktop\DYNASTY\DYNASTY\ohu-legacy-codex\MASTER-AUDIT-SYSTEM.md"
"MASTER-COMPLETION-CERTIFICATE.md","791","4","5.06","C:\Users\polyc\Desktop\DYNASTY\DYNASTY\ohu-legacy-codex\MASTER-COMPLETION-CERTIFICATE.md"
"MASTER_COMPLETION_REPORT.md","1133","1","0.88","C:\Users\polyc\Desktop\DYNASTY\DYNASTY\ohu-legacy-codex\MASTER_COMPLETION_REPORT.md"
"NAVIGATION_GUIDE.md","1189","0","0","C:\Users\polyc\Desktop\DYNASTY\DYNASTY\ohu-legacy-codex\NAVIGATION_GUIDE.md"
"PROJECT_COMPLETE.md","938","2","2.13","C:\Users\polyc\Desktop\DYNASTY\DYNASTY\ohu-legacy-codex\PROJECT_COMPLETE.md"
"PROJECT_COMPLETION_CERTIFICATE.md","328","0","0","C:\Users\polyc\Desktop\DYNASTY\DYNASTY\ohu-legacy-codex\PROJECT_COMPLETION_CERTIFICATE.md"
"PROJECT_STATUS_MASTER.md","770","2","2.6","C:\Users\polyc\Desktop\DYNASTY\DYNASTY\ohu-legacy-codex\PROJECT_STATUS_MASTER.md"
"README.md","964","1","1.04","C:\Users\polyc\Desktop\DYNASTY\DYNASTY\ohu-legacy-codex\README.md"
"STRUCTURE-CLEANUP-PLAN.md","280","0","0","C:\Users\polyc\Desktop\DYNASTY\DYNASTY\ohu-legacy-codex\STRUCTURE-CLEANUP-PLAN.md"
"ULTRA-LONG-AUTONOMOUS-COMPLETION-REPORT.md","942","3","3.18","C:\Users\polyc\Desktop\DYNASTY\DYNASTY\ohu-legacy-codex\ULTRA-LONG-AUTONOMOUS-COMPLETION-REPORT.md"
"ULTRA-LONG-AUTONOMOUS-EXECUTION-PLAN.md","562","1","1.78","C:\Users\polyc\Desktop\DYNASTY\DYNASTY\ohu-legacy-codex\ULTRA-LONG-AUTONOMOUS-EXECUTION-PLAN.md"
"ULTRA_LONG_AUTONOMOUS_COMPLETION_REPORT.md","815","2","2.45","C:\Users\polyc\Desktop\DYNASTY\DYNASTY\ohu-legacy-codex\ULTRA_LONG_AUTONOMOUS_COMPLETION_REPORT.md"
"appendix-a-quick-reference.md","667","0","0","C:\Users\polyc\Desktop\DYNASTY\DYNASTY\ohu-legacy-codex\appendices\appendix-a-quick-reference.md"
"appendix-b-calculators-tools.md","554","1","1.81","C:\Users\polyc\Desktop\DYNASTY\DYNASTY\ohu-legacy-codex\appendices\appendix-b-calculators-tools.md"
"appendix-c-contact-lists.md","451","0","0","C:\Users\polyc\Desktop\DYNASTY\DYNASTY\ohu-legacy-codex\appendices\appendix-c-contact-lists.md"
"appendix-d-glossary.md","783","0","0","C:\Users\polyc\Desktop\DYNASTY\DYNASTY\ohu-legacy-codex\appendices\appendix-d-glossary.md"
"appendix-e-index.md","2083","0","0","C:\Users\polyc\Desktop\DYNASTY\DYNASTY\ohu-legacy-codex\appendices\appendix-e-index.md"
"contact-index.md","1023","0","0","C:\Users\polyc\Desktop\DYNASTY\DYNASTY\ohu-legacy-codex\appendices\contact-index.md"
"cross-reference-guide.md","1806","0","0","C:\Users\polyc\Desktop\DYNASTY\DYNASTY\ohu-legacy-codex\appendices\cross-reference-guide.md"
"form-index.md","1883","2","1.06","C:\Users\polyc\Desktop\DYNASTY\DYNASTY\ohu-legacy-codex\appendices\form-index.md"
"procedure-index.md","2644","3","1.13","C:\Users\polyc\Desktop\DYNASTY\DYNASTY\ohu-legacy-codex\appendices\procedure-index.md"
"README.md","729","1","1.37","C:\Users\polyc\Desktop\DYNASTY\DYNASTY\ohu-legacy-codex\appendices\README.md"
"topic-index.md","3143","3","0.95","C:\Users\polyc\Desktop\DYNASTY\DYNASTY\ohu-legacy-codex\appendices\topic-index.md"
"a-quick-reference-guides.md","424","0","0","C:\Users\polyc\Desktop\DYNASTY\DYNASTY\ohu-legacy-codex\appendices\appendix-a-quick-reference\a-quick-reference-guides.md"
"b-calculators-tools.md","237","0","0","C:\Users\polyc\Desktop\DYNASTY\DYNASTY\ohu-legacy-codex\appendices\appendix-b-calculators-tools\b-calculators-tools.md"
"capital-allocation-decision-checklist.md","540","0","0","C:\Users\polyc\Desktop\DYNASTY\DYNASTY\ohu-legacy-codex\checklists\capital-allocation-decision-checklist.md"
"client-onboarding-checklist.md","170","0","0","C:\Users\polyc\Desktop\DYNASTY\DYNASTY\ohu-legacy-codex\checklists\client-onboarding-checklist.md"
"critical-dates-checklist.md","137","0","0","C:\Users\polyc\Desktop\DYNASTY\DYNASTY\ohu-legacy-codex\checklists\critical-dates-checklist.md"
"decision-making-checklist.md","794","0","0","C:\Users\polyc\Desktop\DYNASTY\DYNASTY\ohu-legacy-codex\checklists\decision-making-checklist.md"
"directory-launch-checklist.md","399","0","0","C:\Users\polyc\Desktop\DYNASTY\DYNASTY\ohu-legacy-codex\checklists\directory-launch-checklist.md"
"entity-compliance-monthly-checklist.md","427","0","0","C:\Users\polyc\Desktop\DYNASTY\DYNASTY\ohu-legacy-codex\checklists\entity-compliance-monthly-checklist.md"
"investment-criteria-checklist.md","232","0","0","C:\Users\polyc\Desktop\DYNASTY\DYNASTY\ohu-legacy-codex\checklists\investment-criteria-checklist.md"
"loan-signing-checklist.md","187","0","0","C:\Users\polyc\Desktop\DYNASTY\DYNASTY\ohu-legacy-codex\checklists\loan-signing-checklist.md"
"s-corp-election-checklist.md","275","0","0","C:\Users\polyc\Desktop\DYNASTY\DYNASTY\ohu-legacy-codex\checklists\s-corp-election-checklist.md"
"signing-agent-checklist.md","197","0","0","C:\Users\polyc\Desktop\DYNASTY\DYNASTY\ohu-legacy-codex\checklists\signing-agent-checklist.md"
"subto-due-diligence-checklist.md","333","0","0","C:\Users\polyc\Desktop\DYNASTY\DYNASTY\ohu-legacy-codex\checklists\subto-due-diligence-checklist.md"
"trust-administration-annual-checklist.md","1149","0","0","C:\Users\polyc\Desktop\DYNASTY\DYNASTY\ohu-legacy-codex\checklists\trust-administration-annual-checklist.md"
"trust-company-interview-questions.md","245","0","0","C:\Users\polyc\Desktop\DYNASTY\DYNASTY\ohu-legacy-codex\checklists\trust-company-interview-questions.md"
"trust-formation-checklist.md","1383","0","0","C:\Users\polyc\Desktop\DYNASTY\DYNASTY\ohu-legacy-codex\checklists\trust-formation-checklist.md"
"trust-funding-checklist.md","230","0","0","C:\Users\polyc\Desktop\DYNASTY\DYNASTY\ohu-legacy-codex\checklists\trust-funding-checklist.md"
"values-assessment-checklist.md","1538","24","15.6","C:\Users\polyc\Desktop\DYNASTY\DYNASTY\ohu-legacy-codex\checklists\values-assessment-checklist.md"
"volume-ii-templates-checklist.md","242","0","0","C:\Users\polyc\Desktop\DYNASTY\DYNASTY\ohu-legacy-codex\checklists\volume-ii-templates-checklist.md"
"capital-allocation-template.md","720","0","0","C:\Users\polyc\Desktop\DYNASTY\DYNASTY\ohu-legacy-codex\templates\capital-allocation-template.md"
"decision-matrix-template.md","697","0","0","C:\Users\polyc\Desktop\DYNASTY\DYNASTY\ohu-legacy-codex\templates\decision-matrix-template.md"
"family-mission-template.md","507","0","0","C:\Users\polyc\Desktop\DYNASTY\DYNASTY\ohu-legacy-codex\templates\family-mission-template.md"
"kpi-dashboard-template.md","561","0","0","C:\Users\polyc\Desktop\DYNASTY\DYNASTY\ohu-legacy-codex\templates\kpi-dashboard-template.md"
"README.md","267","2","7.49","C:\Users\polyc\Desktop\DYNASTY\DYNASTY\ohu-legacy-codex\templates\README.md"
"risk-assessment-template.md","628","0","0","C:\Users\polyc\Desktop\DYNASTY\DYNASTY\ohu-legacy-codex\templates\risk-assessment-template.md"
"succession-planning-template.md","930","0","0","C:\Users\polyc\Desktop\DYNASTY\DYNASTY\ohu-legacy-codex\templates\succession-planning-template.md"
"TEMPLATE_CREATION_GUIDE.md","1330","11","8.27","C:\Users\polyc\Desktop\DYNASTY\DYNASTY\ohu-legacy-codex\templates\TEMPLATE_CREATION_GUIDE.md"
"TEMPLATE_INDEX.md","2149","6","2.79","C:\Users\polyc\Desktop\DYNASTY\DYNASTY\ohu-legacy-codex\templates\TEMPLATE_INDEX.md"
"TEMPLATE_SYSTEM_STATUS.md","1361","2","1.47","C:\Users\polyc\Desktop\DYNASTY\DYNASTY\ohu-legacy-codex\templates\TEMPLATE_SYSTEM_STATUS.md"
"three-horizon-planning-template.md","817","0","0","C:\Users\polyc\Desktop\DYNASTY\DYNASTY\ohu-legacy-codex\templates\three-horizon-planning-template.md"
"vision-statement-template.md","529","0","0","C:\Users\polyc\Desktop\DYNASTY\DYNASTY\ohu-legacy-codex\templates\vision-statement-template.md"
"capital-allocation-template.md","1142","0","0","C:\Users\polyc\Desktop\DYNASTY\DYNASTY\ohu-legacy-codex\templates\financial\capital-allocation-template.md"
"crt-calculation-worksheet.md","191","2","10.47","C:\Users\polyc\Desktop\DYNASTY\DYNASTY\ohu-legacy-codex\templates\financial\crt-calculation-worksheet.md"
"investment-policy-statement.md","287","0","0","C:\Users\polyc\Desktop\DYNASTY\DYNASTY\ohu-legacy-codex\templates\financial\investment-policy-statement.md"
"kpi-dashboard-template.md","784","0","0","C:\Users\polyc\Desktop\DYNASTY\DYNASTY\ohu-legacy-codex\templates\financial\kpi-dashboard-template.md"
"lead-gen-pricing-model.md","157","3","19.11","C:\Users\polyc\Desktop\DYNASTY\DYNASTY\ohu-legacy-codex\templates\financial\lead-gen-pricing-model.md"
"notary-invoice-template.md","143","0","0","C:\Users\polyc\Desktop\DYNASTY\DYNASTY\ohu-legacy-codex\templates\financial\notary-invoice-template.md"
"capital-budget.md","189","0","0","C:\Users\polyc\Desktop\DYNASTY\DYNASTY\ohu-legacy-codex\templates\financial\budgets\capital-budget.md"
"operating-budget-annual.md","292","0","0","C:\Users\polyc\Desktop\DYNASTY\DYNASTY\ohu-legacy-codex\templates\financial\budgets\operating-budget-annual.md"
"cash-flow-forecast.md","484","0","0","C:\Users\polyc\Desktop\DYNASTY\DYNASTY\ohu-legacy-codex\templates\financial\forecasts\cash-flow-forecast.md"
"expense-forecast-monthly.md","387","0","0","C:\Users\polyc\Desktop\DYNASTY\DYNASTY\ohu-legacy-codex\templates\financial\forecasts\expense-forecast-monthly.md"
"financial-forecast-12-month.md","558","0","0","C:\Users\polyc\Desktop\DYNASTY\DYNASTY\ohu-legacy-codex\templates\financial\forecasts\financial-forecast-12-month.md"
"revenue-forecast-monthly.md","347","0","0","C:\Users\polyc\Desktop\DYNASTY\DYNASTY\ohu-legacy-codex\templates\financial\forecasts\revenue-forecast-monthly.md"
"business-valuation-worksheet.md","902","2","2.22","C:\Users\polyc\Desktop\DYNASTY\DYNASTY\ohu-legacy-codex\templates\financial\investment\business-valuation-worksheet.md"
"property-analysis-worksheet.md","913","2","2.19","C:\Users\polyc\Desktop\DYNASTY\DYNASTY\ohu-legacy-codex\templates\financial\investment\property-analysis-worksheet.md"
"balance-sheet-monthly.md","1166","2","1.72","C:\Users\polyc\Desktop\DYNASTY\DYNASTY\ohu-legacy-codex\templates\financial\statements\balance-sheet-monthly.md"
"cash-flow-monthly.md","960","2","2.08","C:\Users\polyc\Desktop\DYNASTY\DYNASTY\ohu-legacy-codex\templates\financial\statements\cash-flow-monthly.md"
"profit-loss-annual.md","379","0","0","C:\Users\polyc\Desktop\DYNASTY\DYNASTY\ohu-legacy-codex\templates\financial\statements\profit-loss-annual.md"
"profit-loss-monthly.md","1326","2","1.51","C:\Users\polyc\Desktop\DYNASTY\DYNASTY\ohu-legacy-codex\templates\financial\statements\profit-loss-monthly.md"
"profit-loss-quarterly.md","375","0","0","C:\Users\polyc\Desktop\DYNASTY\DYNASTY\ohu-legacy-codex\templates\financial\statements\profit-loss-quarterly.md"
"deduction-tracker.md","866","2","2.31","C:\Users\polyc\Desktop\DYNASTY\DYNASTY\ohu-legacy-codex\templates\financial\tax\deduction-tracker.md"
"entity-tax-comparison.md","693","2","2.89","C:\Users\polyc\Desktop\DYNASTY\DYNASTY\ohu-legacy-codex\templates\financial\tax\entity-tax-comparison.md"
"tax-projection-quarterly.md","299","0","0","C:\Users\polyc\Desktop\DYNASTY\DYNASTY\ohu-legacy-codex\templates\financial\tax\tax-projection-quarterly.md"
"annual-meeting-minutes.md","170","0","0","C:\Users\polyc\Desktop\DYNASTY\DYNASTY\ohu-legacy-codex\templates\legal\annual-meeting-minutes.md"
"annual-trust-meeting-agenda.md","194","0","0","C:\Users\polyc\Desktop\DYNASTY\DYNASTY\ohu-legacy-codex\templates\legal\annual-trust-meeting-agenda.md"
"assignment-of-interest-template.md","171","0","0","C:\Users\polyc\Desktop\DYNASTY\DYNASTY\ohu-legacy-codex\templates\legal\assignment-of-interest-template.md"
"corporate-resolution.md","116","0","0","C:\Users\polyc\Desktop\DYNASTY\DYNASTY\ohu-legacy-codex\templates\legal\corporate-resolution.md"
"crummey-notice-letter.md","225","0","0","C:\Users\polyc\Desktop\DYNASTY\DYNASTY\ohu-legacy-codex\templates\legal\crummey-notice-letter.md"
"crummey-notice-template.md","529","0","0","C:\Users\polyc\Desktop\DYNASTY\DYNASTY\ohu-legacy-codex\templates\legal\crummey-notice-template.md"
"ilit-funding-letter.md","129","0","0","C:\Users\polyc\Desktop\DYNASTY\DYNASTY\ohu-legacy-codex\templates\legal\ilit-funding-letter.md"
"ip-assignment-agreement.md","158","0","0","C:\Users\polyc\Desktop\DYNASTY\DYNASTY\ohu-legacy-codex\templates\legal\ip-assignment-agreement.md"
"ip-license-agreement.md","154","0","0","C:\Users\polyc\Desktop\DYNASTY\DYNASTY\ohu-legacy-codex\templates\legal\ip-license-agreement.md"
"llc-operating-agreement.md","290","0","0","C:\Users\polyc\Desktop\DYNASTY\DYNASTY\ohu-legacy-codex\templates\legal\llc-operating-agreement.md"
"management-services-agreement.md","151","0","0","C:\Users\polyc\Desktop\DYNASTY\DYNASTY\ohu-legacy-codex\templates\legal\management-services-agreement.md"
"series-llc-designation.md","174","0","0","C:\Users\polyc\Desktop\DYNASTY\DYNASTY\ohu-legacy-codex\templates\legal\series-llc-designation.md"
"service-agreement-template.md","139","0","0","C:\Users\polyc\Desktop\DYNASTY\DYNASTY\ohu-legacy-codex\templates\legal\service-agreement-template.md"
"single-member-operating-agreement.md","243","0","0","C:\Users\polyc\Desktop\DYNASTY\DYNASTY\ohu-legacy-codex\templates\legal\single-member-operating-agreement.md"
"trust-company-selection-checklist.md","1418","0","0","C:\Users\polyc\Desktop\DYNASTY\DYNASTY\ohu-legacy-codex\templates\legal\trust-company-selection-checklist.md"
"trustee-selection-template.md","1299","0","0","C:\Users\polyc\Desktop\DYNASTY\DYNASTY\ohu-legacy-codex\templates\legal\trustee-selection-template.md"
"client-services-agreement.md","587","0","0","C:\Users\polyc\Desktop\DYNASTY\DYNASTY\ohu-legacy-codex\templates\legal\contracts\client-services-agreement.md"
"consulting-agreement.md","354","0","0","C:\Users\polyc\Desktop\DYNASTY\DYNASTY\ohu-legacy-codex\templates\legal\contracts\consulting-agreement.md"
"employment-agreement.md","363","0","0","C:\Users\polyc\Desktop\DYNASTY\DYNASTY\ohu-legacy-codex\templates\legal\contracts\employment-agreement.md"
"independent-contractor-agreement.md","378","0","0","C:\Users\polyc\Desktop\DYNASTY\DYNASTY\ohu-legacy-codex\templates\legal\contracts\independent-contractor-agreement.md"
"non-disclosure-agreement.md","425","0","0","C:\Users\polyc\Desktop\DYNASTY\DYNASTY\ohu-legacy-codex\templates\legal\contracts\non-disclosure-agreement.md"
"partnership-agreement.md","295","0","0","C:\Users\polyc\Desktop\DYNASTY\DYNASTY\ohu-legacy-codex\templates\legal\contracts\partnership-agreement.md"
"cost-sharing-agreement.md","444","0","0","C:\Users\polyc\Desktop\DYNASTY\DYNASTY\ohu-legacy-codex\templates\legal\entities\cost-sharing-agreement.md"
"equipment-lease-agreement.md","431","0","0","C:\Users\polyc\Desktop\DYNASTY\DYNASTY\ohu-legacy-codex\templates\legal\entities\equipment-lease-agreement.md"
"inter-entity-ip-licensing-agreement.md","394","0","0","C:\Users\polyc\Desktop\DYNASTY\DYNASTY\ohu-legacy-codex\templates\legal\entities\inter-entity-ip-licensing-agreement.md"
"inter-entity-management-services-agreement.md","467","0","0","C:\Users\polyc\Desktop\DYNASTY\DYNASTY\ohu-legacy-codex\templates\legal\entities\inter-entity-management-services-agreement.md"
"intercompany-loan-agreement.md","506","0","0","C:\Users\polyc\Desktop\DYNASTY\DYNASTY\ohu-legacy-codex\templates\legal\entities\intercompany-loan-agreement.md"
"ip-license-agreement.md","2151","2","0.93","C:\Users\polyc\Desktop\DYNASTY\DYNASTY\ohu-legacy-codex\templates\legal\entities\ip-license-agreement.md"
"llc-operating-agreement-wyoming.md","2080","2","0.96","C:\Users\polyc\Desktop\DYNASTY\DYNASTY\ohu-legacy-codex\templates\legal\entities\llc-operating-agreement-wyoming.md"
"master-services-agreement.md","2207","2","0.91","C:\Users\polyc\Desktop\DYNASTY\DYNASTY\ohu-legacy-codex\templates\legal\entities\master-services-agreement.md"
"member-resolution-template.md","236","0","0","C:\Users\polyc\Desktop\DYNASTY\DYNASTY\ohu-legacy-codex\templates\legal\entities\member-resolution-template.md"
"s-election-checklist.md","478","0","0","C:\Users\polyc\Desktop\DYNASTY\DYNASTY\ohu-legacy-codex\templates\legal\entities\s-election-checklist.md"
"wyoming-llc-formation-checklist.md","458","0","0","C:\Users\polyc\Desktop\DYNASTY\DYNASTY\ohu-legacy-codex\templates\legal\entities\wyoming-llc-formation-checklist.md"
"lease-agreement-residential.md","980","2","2.04","C:\Users\polyc\Desktop\DYNASTY\DYNASTY\ohu-legacy-codex\templates\legal\real-estate\lease-agreement-residential.md"
"option-contract.md","769","2","2.6","C:\Users\polyc\Desktop\DYNASTY\DYNASTY\ohu-legacy-codex\templates\legal\real-estate\option-contract.md"
"property-management-agreement.md","407","0","0","C:\Users\polyc\Desktop\DYNASTY\DYNASTY\ohu-legacy-codex\templates\legal\real-estate\property-management-agreement.md"
"purchase-agreement-residential.md","852","2","2.35","C:\Users\polyc\Desktop\DYNASTY\DYNASTY\ohu-legacy-codex\templates\legal\real-estate\purchase-agreement-residential.md"
"crummey-notice-template.md","337","0","0","C:\Users\polyc\Desktop\DYNASTY\DYNASTY\ohu-legacy-codex\templates\legal\trusts\crummey-notice-template.md"
"crummey-trust-template.md","2219","2","0.9","C:\Users\polyc\Desktop\DYNASTY\DYNASTY\ohu-legacy-codex\templates\legal\trusts\crummey-trust-template.md"
"ilit-template.md","2189","2","0.91","C:\Users\polyc\Desktop\DYNASTY\DYNASTY\ohu-legacy-codex\templates\legal\trusts\ilit-template.md"
"legacy-trust-template.md","3668","2","0.55","C:\Users\polyc\Desktop\DYNASTY\DYNASTY\ohu-legacy-codex\templates\legal\trusts\legacy-trust-template.md"
"trust-amendment-template.md","258","0","0","C:\Users\polyc\Desktop\DYNASTY\DYNASTY\ohu-legacy-codex\templates\legal\trusts\trust-amendment-template.md"
"trustee-letter-template.md","256","0","0","C:\Users\polyc\Desktop\DYNASTY\DYNASTY\ohu-legacy-codex\templates\legal\trusts\trustee-letter-template.md"
"claim-listing-email-sequence.md","264","0","0","C:\Users\polyc\Desktop\DYNASTY\DYNASTY\ohu-legacy-codex\templates\marketing\claim-listing-email-sequence.md"
"directory-media-kit.md","139","0","0","C:\Users\polyc\Desktop\DYNASTY\DYNASTY\ohu-legacy-codex\templates\marketing\directory-media-kit.md"
"notary-rate-sheet.md","142","0","0","C:\Users\polyc\Desktop\DYNASTY\DYNASTY\ohu-legacy-codex\templates\marketing\notary-rate-sheet.md"
"ad-copy-facebook.md","362","0","0","C:\Users\polyc\Desktop\DYNASTY\DYNASTY\ohu-legacy-codex\templates\marketing\advertising\ad-copy-facebook.md"
"ad-copy-google-ads.md","569","0","0","C:\Users\polyc\Desktop\DYNASTY\DYNASTY\ohu-legacy-codex\templates\marketing\advertising\ad-copy-google-ads.md"
"ad-copy-linkedin.md","503","5","9.94","C:\Users\polyc\Desktop\DYNASTY\DYNASTY\ohu-legacy-codex\templates\marketing\advertising\ad-copy-linkedin.md"
"case-study-template.md","258","2","7.75","C:\Users\polyc\Desktop\DYNASTY\DYNASTY\ohu-legacy-codex\templates\marketing\case-studies\case-study-template.md"
"email-client-onboarding-sequence.md","1472","0","0","C:\Users\polyc\Desktop\DYNASTY\DYNASTY\ohu-legacy-codex\templates\marketing\emails\email-client-onboarding-sequence.md"
"email-client-update.md","489","0","0","C:\Users\polyc\Desktop\DYNASTY\DYNASTY\ohu-legacy-codex\templates\marketing\emails\email-client-update.md"
"email-client-welcome.md","1153","1","0.87","C:\Users\polyc\Desktop\DYNASTY\DYNASTY\ohu-legacy-codex\templates\marketing\emails\email-client-welcome.md"
"email-cold-outreach.md","297","3","10.1","C:\Users\polyc\Desktop\DYNASTY\DYNASTY\ohu-legacy-codex\templates\marketing\emails\email-cold-outreach.md"
"proposal-consulting-services.md","277","1","3.61","C:\Users\polyc\Desktop\DYNASTY\DYNASTY\ohu-legacy-codex\templates\marketing\proposals\proposal-consulting-services.md"
"proposal-sales-standard.md","318","0","0","C:\Users\polyc\Desktop\DYNASTY\DYNASTY\ohu-legacy-codex\templates\marketing\proposals\proposal-sales-standard.md"
"script-cold-call-intro.md","1169","5","4.28","C:\Users\polyc\Desktop\DYNASTY\DYNASTY\ohu-legacy-codex\templates\marketing\scripts\script-cold-call-intro.md"
"script-objection-price.md","604","0","0","C:\Users\polyc\Desktop\DYNASTY\DYNASTY\ohu-legacy-codex\templates\marketing\scripts\script-objection-price.md"
"social-post-template.md","544","1","1.84","C:\Users\polyc\Desktop\DYNASTY\DYNASTY\ohu-legacy-codex\templates\marketing\social-media\social-post-template.md"
"decision-matrix-template.md","1053","0","0","C:\Users\polyc\Desktop\DYNASTY\DYNASTY\ohu-legacy-codex\templates\operational\decision-matrix-template.md"
"directory-niche-scoring-matrix.md","168","0","0","C:\Users\polyc\Desktop\DYNASTY\DYNASTY\ohu-legacy-codex\templates\operational\directory-niche-scoring-matrix.md"
"family-employment-policy.md","290","2","6.9","C:\Users\polyc\Desktop\DYNASTY\DYNASTY\ohu-legacy-codex\templates\operational\family-employment-policy.md"
"family-mission-template.md","565","0","0","C:\Users\polyc\Desktop\DYNASTY\DYNASTY\ohu-legacy-codex\templates\operational\family-mission-template.md"
"ip-inventory-template.md","215","0","0","C:\Users\polyc\Desktop\DYNASTY\DYNASTY\ohu-legacy-codex\templates\operational\ip-inventory-template.md"
"notary-fee-schedule.md","380","0","0","C:\Users\polyc\Desktop\DYNASTY\DYNASTY\ohu-legacy-codex\templates\operational\notary-fee-schedule.md"
"reps-time-log.md","213","0","0","C:\Users\polyc\Desktop\DYNASTY\DYNASTY\ohu-legacy-codex\templates\operational\reps-time-log.md"
"risk-assessment-template.md","1325","0","0","C:\Users\polyc\Desktop\DYNASTY\DYNASTY\ohu-legacy-codex\templates\operational\risk-assessment-template.md"
"succession-planning-template.md","983","0","0","C:\Users\polyc\Desktop\DYNASTY\DYNASTY\ohu-legacy-codex\templates\operational\succession-planning-template.md"
"tc-intake-form.md","109","0","0","C:\Users\polyc\Desktop\DYNASTY\DYNASTY\ohu-legacy-codex\templates\operational\tc-intake-form.md"
"tenant-screening-criteria.md","307","0","0","C:\Users\polyc\Desktop\DYNASTY\DYNASTY\ohu-legacy-codex\templates\operational\tenant-screening-criteria.md"
"three-horizon-planning-template.md","825","0","0","C:\Users\polyc\Desktop\DYNASTY\DYNASTY\ohu-legacy-codex\templates\operational\three-horizon-planning-template.md"
"treasury-management-monthly-report.md","324","0","0","C:\Users\polyc\Desktop\DYNASTY\DYNASTY\ohu-legacy-codex\templates\operational\treasury-management-monthly-report.md"
"values-transmission-curriculum.md","1562","6","3.84","C:\Users\polyc\Desktop\DYNASTY\DYNASTY\ohu-legacy-codex\templates\operational\values-transmission-curriculum.md"
"vision-statement-template.md","642","0","0","C:\Users\polyc\Desktop\DYNASTY\DYNASTY\ohu-legacy-codex\templates\operational\vision-statement-template.md"
"checklist-daily-operations.md","225","0","0","C:\Users\polyc\Desktop\DYNASTY\DYNASTY\ohu-legacy-codex\templates\operational\checklists\checklist-daily-operations.md"
"checklist-monthly-close.md","1137","0","0","C:\Users\polyc\Desktop\DYNASTY\DYNASTY\ohu-legacy-codex\templates\operational\checklists\checklist-monthly-close.md"
"checklist-project-kickoff.md","274","0","0","C:\Users\polyc\Desktop\DYNASTY\DYNASTY\ohu-legacy-codex\templates\operational\checklists\checklist-project-kickoff.md"
"process-billing-cycle.md","709","0","0","C:\Users\polyc\Desktop\DYNASTY\DYNASTY\ohu-legacy-codex\templates\operational\processes\process-billing-cycle.md"
"process-client-onboarding.md","730","0","0","C:\Users\polyc\Desktop\DYNASTY\DYNASTY\ohu-legacy-codex\templates\operational\processes\process-client-onboarding.md"
"sop-client-onboarding.md","1751","0","0","C:\Users\polyc\Desktop\DYNASTY\DYNASTY\ohu-legacy-codex\templates\operational\sops\sop-client-onboarding.md"
"sop-customer-service.md","342","0","0","C:\Users\polyc\Desktop\DYNASTY\DYNASTY\ohu-legacy-codex\templates\operational\sops\sop-customer-service.md"
"sop-invoicing.md","259","0","0","C:\Users\polyc\Desktop\DYNASTY\DYNASTY\ohu-legacy-codex\templates\operational\sops\sop-invoicing.md"
"sop-service-delivery.md","285","0","0","C:\Users\polyc\Desktop\DYNASTY\DYNASTY\ohu-legacy-codex\templates\operational\sops\sop-service-delivery.md"
"workflow-client-acquisition.md","707","0","0","C:\Users\polyc\Desktop\DYNASTY\DYNASTY\ohu-legacy-codex\templates\operational\workflows\workflow-client-acquisition.md"
"workflow-expense-approval.md","232","0","0","C:\Users\polyc\Desktop\DYNASTY\DYNASTY\ohu-legacy-codex\templates\operational\workflows\workflow-expense-approval.md"
"volume-i-introduction.md","916","0","0","C:\Users\polyc\Desktop\DYNASTY\DYNASTY\ohu-legacy-codex\volume-i-foundation\volume-i-introduction.md"
"AUDIT-REPORT.md","1612","40","24.81","C:\Users\polyc\Desktop\DYNASTY\DYNASTY\ohu-legacy-codex\volume-i-foundation\book-1-empire-vision\AUDIT-REPORT.md"
"chapter-1-legacy-manifesto.md","5700","24","4.21","C:\Users\polyc\Desktop\DYNASTY\DYNASTY\ohu-legacy-codex\volume-i-foundation\book-1-empire-vision\chapter-1-legacy-manifesto.md"
"chapter-2-strategic-architecture.md","5299","30","5.66","C:\Users\polyc\Desktop\DYNASTY\DYNASTY\ohu-legacy-codex\volume-i-foundation\book-1-empire-vision\chapter-2-strategic-architecture.md"
"chapter-3-family-legacy.md","6765","30","4.43","C:\Users\polyc\Desktop\DYNASTY\DYNASTY\ohu-legacy-codex\volume-i-foundation\book-1-empire-vision\chapter-3-family-legacy.md"
"COMPREHENSIVE-AUDIT-REPORT.md","1829","13","7.11","C:\Users\polyc\Desktop\DYNASTY\DYNASTY\ohu-legacy-codex\volume-i-foundation\book-1-empire-vision\COMPREHENSIVE-AUDIT-REPORT.md"
"EXPANSION-COMPLETE-SUMMARY.md","1008","37","36.71","C:\Users\polyc\Desktop\DYNASTY\DYNASTY\ohu-legacy-codex\volume-i-foundation\book-1-empire-vision\EXPANSION-COMPLETE-SUMMARY.md"
"FINAL-AUDIT-SUMMARY.md","1434","15","10.46","C:\Users\polyc\Desktop\DYNASTY\DYNASTY\ohu-legacy-codex\volume-i-foundation\book-1-empire-vision\FINAL-AUDIT-SUMMARY.md"
"VOLUME-I-COMPLETION-SUMMARY.md","763","3","3.93","C:\Users\polyc\Desktop\DYNASTY\DYNASTY\ohu-legacy-codex\volume-i-foundation\book-1-empire-vision\VOLUME-I-COMPLETION-SUMMARY.md"
"volume-i-introduction.md","1639","5","3.05","C:\Users\polyc\Desktop\DYNASTY\DYNASTY\ohu-legacy-codex\volume-i-foundation\book-1-empire-vision\volume-i-introduction.md"
"VOLUME-II-COMPLETION-SUMMARY.md","371","0","0","C:\Users\polyc\Desktop\DYNASTY\DYNASTY\ohu-legacy-codex\volume-ii-legal-fiduciary\VOLUME-II-COMPLETION-SUMMARY.md"
"volume-ii-introduction.md","514","0","0","C:\Users\polyc\Desktop\DYNASTY\DYNASTY\ohu-legacy-codex\volume-ii-legal-fiduciary\volume-ii-introduction.md"
"chapter-4-south-dakota-legacy-trust.md","9725","36","3.7","C:\Users\polyc\Desktop\DYNASTY\DYNASTY\ohu-legacy-codex\volume-ii-legal-fiduciary\book-2-legacy-trust\chapter-4-south-dakota-legacy-trust.md"
"chapter-5-trust-administration-manual.md","6036","24","3.98","C:\Users\polyc\Desktop\DYNASTY\DYNASTY\ohu-legacy-codex\volume-ii-legal-fiduciary\book-2-legacy-trust\chapter-5-trust-administration-manual.md"
"chapter-6-subsidiary-trust-structures.md","5967","24","4.02","C:\Users\polyc\Desktop\DYNASTY\DYNASTY\ohu-legacy-codex\volume-ii-legal-fiduciary\book-2-legacy-trust\chapter-6-subsidiary-trust-structures.md"
"chapter-7-entity-formation-compliance-bible.md","8469","20","2.36","C:\Users\polyc\Desktop\DYNASTY\DYNASTY\ohu-legacy-codex\volume-ii-legal-fiduciary\book-3-business-entities\chapter-7-entity-formation-compliance-bible.md"
"chapter-8-pnr-holdings-complex.md","7015","1","0.14","C:\Users\polyc\Desktop\DYNASTY\DYNASTY\ohu-legacy-codex\volume-ii-legal-fiduciary\book-3-business-entities\chapter-8-pnr-holdings-complex.md"
"chapter-9-operating-company-playbooks.md","4588","3","0.65","C:\Users\polyc\Desktop\DYNASTY\DYNASTY\ohu-legacy-codex\volume-ii-legal-fiduciary\book-3-business-entities\chapter-9-operating-company-playbooks.md"
"crummey-notice-template.md","192","0","0","C:\Users\polyc\Desktop\DYNASTY\DYNASTY\ohu-legacy-codex\volume-ii-legal-fiduciary\templates\crummey-notice-template.md"
"investment-policy-statement-template.md","358","0","0","C:\Users\polyc\Desktop\DYNASTY\DYNASTY\ohu-legacy-codex\volume-ii-legal-fiduciary\templates\investment-policy-statement-template.md"
"llc-operating-agreement-template.md","421","0","0","C:\Users\polyc\Desktop\DYNASTY\DYNASTY\ohu-legacy-codex\volume-ii-legal-fiduciary\templates\llc-operating-agreement-template.md"
"management-services-agreement-template.md","299","0","0","C:\Users\polyc\Desktop\DYNASTY\DYNASTY\ohu-legacy-codex\volume-ii-legal-fiduciary\templates\management-services-agreement-template.md"
"VOLUME-III-COMPLETION-SUMMARY.md","678","0","0","C:\Users\polyc\Desktop\DYNASTY\DYNASTY\ohu-legacy-codex\volume-iii-revenue-business-systems\VOLUME-III-COMPLETION-SUMMARY.md"
"volume-iii-introduction.md","368","0","0","C:\Users\polyc\Desktop\DYNASTY\DYNASTY\ohu-legacy-codex\volume-iii-revenue-business-systems\volume-iii-introduction.md"
"chapter-10-notary-ron-services.md","1964","3","1.53","C:\Users\polyc\Desktop\DYNASTY\DYNASTY\ohu-legacy-codex\volume-iii-revenue-business-systems\book-4-professional-services\chapter-10-notary-ron-services.md"
"chapter-11-transaction-coordination.md","1411","2","1.42","C:\Users\polyc\Desktop\DYNASTY\DYNASTY\ohu-legacy-codex\volume-iii-revenue-business-systems\book-4-professional-services\chapter-11-transaction-coordination.md"
"chapter-12-tax-enrolled-agent.md","2337","1","0.43","C:\Users\polyc\Desktop\DYNASTY\DYNASTY\ohu-legacy-codex\volume-iii-revenue-business-systems\book-4-professional-services\chapter-12-tax-enrolled-agent.md"
"chapter-13-directory-selection-development.md","3126","13","4.16","C:\Users\polyc\Desktop\DYNASTY\DYNASTY\ohu-legacy-codex\volume-iii-revenue-business-systems\book-5-directory-empire\chapter-13-directory-selection-development.md"
"chapter-14-directory-monetization.md","1251","1","0.8","C:\Users\polyc\Desktop\DYNASTY\DYNASTY\ohu-legacy-codex\volume-iii-revenue-business-systems\book-5-directory-empire\chapter-14-directory-monetization.md"
"chapter-15-directory-portfolio-management.md","1143","2","1.75","C:\Users\polyc\Desktop\DYNASTY\DYNASTY\ohu-legacy-codex\volume-iii-revenue-business-systems\book-5-directory-empire\chapter-15-directory-portfolio-management.md"
"chapter-16-creative-financing.md","1348","0","0","C:\Users\polyc\Desktop\DYNASTY\DYNASTY\ohu-legacy-codex\volume-iii-revenue-business-systems\book-6-real-estate-ops\chapter-16-creative-financing.md"
"chapter-17-reps-tax-benefits.md","1361","1","0.73","C:\Users\polyc\Desktop\DYNASTY\DYNASTY\ohu-legacy-codex\volume-iii-revenue-business-systems\book-6-real-estate-ops\chapter-17-reps-tax-benefits.md"
"chapter-18-property-management.md","1230","0","0","C:\Users\polyc\Desktop\DYNASTY\DYNASTY\ohu-legacy-codex\volume-iii-revenue-business-systems\book-6-real-estate-ops\chapter-18-property-management.md"
"AUDIT-FINAL-REPORT.md","1543","6","3.89","C:\Users\polyc\Desktop\DYNASTY\DYNASTY\ohu-legacy-codex\volume-iv-technology-automation\AUDIT-FINAL-REPORT.md"
"COMPLETE-IMPLEMENTATION-PACKAGE.md","842","1","1.19","C:\Users\polyc\Desktop\DYNASTY\DYNASTY\ohu-legacy-codex\volume-iv-technology-automation\COMPLETE-IMPLEMENTATION-PACKAGE.md"
"VOLUME-IV-AUDIT-REPORT.md","2482","29","11.68","C:\Users\polyc\Desktop\DYNASTY\DYNASTY\ohu-legacy-codex\volume-iv-technology-automation\VOLUME-IV-AUDIT-REPORT.md"
"VOLUME-IV-COMPLETION-SUMMARY.md","1853","9","4.86","C:\Users\polyc\Desktop\DYNASTY\DYNASTY\ohu-legacy-codex\volume-iv-technology-automation\VOLUME-IV-COMPLETION-SUMMARY.md"
"VOLUME-IV-COMPREHENSIVE-AUDIT-2024.md","2039","12","5.89","C:\Users\polyc\Desktop\DYNASTY\DYNASTY\ohu-legacy-codex\volume-iv-technology-automation\VOLUME-IV-COMPREHENSIVE-AUDIT-2024.md"
"VOLUME-IV-FINAL-STATUS.md","774","1","1.29","C:\Users\polyc\Desktop\DYNASTY\DYNASTY\ohu-legacy-codex\volume-iv-technology-automation\VOLUME-IV-FINAL-STATUS.md"
"volume-iv-introduction.md","917","7","7.63","C:\Users\polyc\Desktop\DYNASTY\DYNASTY\ohu-legacy-codex\volume-iv-technology-automation\volume-iv-introduction.md"
"chapter-19-suitedash-command-center.md","3993","15","3.76","C:\Users\polyc\Desktop\DYNASTY\DYNASTY\ohu-legacy-codex\volume-iv-technology-automation\book-7-technology-infrastructure\chapter-19-suitedash-command-center.md"
"chapter-20-automation-architecture.md","1773","8","4.51","C:\Users\polyc\Desktop\DYNASTY\DYNASTY\ohu-legacy-codex\volume-iv-technology-automation\book-7-technology-infrastructure\chapter-20-automation-architecture.md"
"chapter-21-ai-implementation-strategy.md","5923","12","2.03","C:\Users\polyc\Desktop\DYNASTY\DYNASTY\ohu-legacy-codex\volume-iv-technology-automation\book-7-technology-infrastructure\chapter-21-ai-implementation-strategy.md"
"chapter-22-organic-marketing-mastery.md","5901","13","2.2","C:\Users\polyc\Desktop\DYNASTY\DYNASTY\ohu-legacy-codex\volume-iv-technology-automation\book-8-digital-marketing-systems\chapter-22-organic-marketing-mastery.md"
"chapter-23-paid-advertising-playbook.md","4758","24","5.04","C:\Users\polyc\Desktop\DYNASTY\DYNASTY\ohu-legacy-codex\volume-iv-technology-automation\book-8-digital-marketing-systems\chapter-23-paid-advertising-playbook.md"
"chapter-24-sales-systems-development.md","7833","22","2.81","C:\Users\polyc\Desktop\DYNASTY\DYNASTY\ohu-legacy-codex\volume-iv-technology-automation\book-8-digital-marketing-systems\chapter-24-sales-systems-development.md"
"00-EMPIRE-CRM-MASTER-INDEX.md","451","0","0","C:\Users\polyc\Desktop\DYNASTY\DYNASTY\ohu-legacy-codex\volume-iv-technology-automation\empire-crm-playbook\00-EMPIRE-CRM-MASTER-INDEX.md"
"01-EMPIRE-CRM-PLAYBOOK.md","2552","5","1.96","C:\Users\polyc\Desktop\DYNASTY\DYNASTY\ohu-legacy-codex\volume-iv-technology-automation\empire-crm-playbook\01-EMPIRE-CRM-PLAYBOOK.md"
"02-CRM-AUDIT-DIAGNOSTIC.md","2426","0","0","C:\Users\polyc\Desktop\DYNASTY\DYNASTY\ohu-legacy-codex\volume-iv-technology-automation\empire-crm-playbook\02-CRM-AUDIT-DIAGNOSTIC.md"
"03-legacy-PIPELINE-DESIGN.md","2713","0","0","C:\Users\polyc\Desktop\DYNASTY\DYNASTY\ohu-legacy-codex\volume-iv-technology-automation\empire-crm-playbook\03-legacy-PIPELINE-DESIGN.md"
"04-SOP-TEMPLATES-LIBRARY.md","4428","1","0.23","C:\Users\polyc\Desktop\DYNASTY\DYNASTY\ohu-legacy-codex\volume-iv-technology-automation\empire-crm-playbook\04-SOP-TEMPLATES-LIBRARY.md"
"05-14-DAY-IMPLEMENTATION-PLAN.md","4054","0","0","C:\Users\polyc\Desktop\DYNASTY\DYNASTY\ohu-legacy-codex\volume-iv-technology-automation\empire-crm-playbook\05-14-DAY-IMPLEMENTATION-PLAN.md"
"GET-STARTED-NOW.md","1061","0","0","C:\Users\polyc\Desktop\DYNASTY\DYNASTY\ohu-legacy-codex\volume-iv-technology-automation\empire-crm-playbook\GET-STARTED-NOW.md"
"QUICK-START-GUIDE.md","667","1","1.5","C:\Users\polyc\Desktop\DYNASTY\DYNASTY\ohu-legacy-codex\volume-iv-technology-automation\empire-crm-playbook\QUICK-START-GUIDE.md"
"README.md","1050","3","2.86","C:\Users\polyc\Desktop\DYNASTY\DYNASTY\ohu-legacy-codex\volume-iv-technology-automation\empire-crm-playbook\README.md"
"IMPLEMENTATION-RESOURCES-COMPLETE.md","993","3","3.02","C:\Users\polyc\Desktop\DYNASTY\DYNASTY\ohu-legacy-codex\volume-iv-technology-automation\implementation-resources\IMPLEMENTATION-RESOURCES-COMPLETE.md"
"MASTER-IMPLEMENTATION-ROADMAP.md","1638","2","1.22","C:\Users\polyc\Desktop\DYNASTY\DYNASTY\ohu-legacy-codex\volume-iv-technology-automation\implementation-resources\MASTER-IMPLEMENTATION-ROADMAP.md"
"README.md","726","1","1.38","C:\Users\polyc\Desktop\DYNASTY\DYNASTY\ohu-legacy-codex\volume-iv-technology-automation\implementation-resources\README.md"
"automation_workflows.md","615","1","1.63","C:\Users\polyc\Desktop\DYNASTY\DYNASTY\ohu-legacy-codex\volume-iv-technology-automation\implementation-resources\chapter-19\automation_workflows.md"
"chapter-19-implementation-guide.md","760","0","0","C:\Users\polyc\Desktop\DYNASTY\DYNASTY\ohu-legacy-codex\volume-iv-technology-automation\implementation-resources\chapter-19\chapter-19-implementation-guide.md"
"email_templates.md","755","0","0","C:\Users\polyc\Desktop\DYNASTY\DYNASTY\ohu-legacy-codex\volume-iv-technology-automation\implementation-resources\chapter-19\email_templates.md"
"invoice_templates.md","354","0","0","C:\Users\polyc\Desktop\DYNASTY\DYNASTY\ohu-legacy-codex\volume-iv-technology-automation\implementation-resources\chapter-19\invoice_templates.md"
"README.md","227","0","0","C:\Users\polyc\Desktop\DYNASTY\DYNASTY\ohu-legacy-codex\volume-iv-technology-automation\implementation-resources\chapter-19\README.md"
"task_templates.md","523","0","0","C:\Users\polyc\Desktop\DYNASTY\DYNASTY\ohu-legacy-codex\volume-iv-technology-automation\implementation-resources\chapter-19\task_templates.md"
"activepieces_setup.md","241","0","0","C:\Users\polyc\Desktop\DYNASTY\DYNASTY\ohu-legacy-codex\volume-iv-technology-automation\implementation-resources\chapter-20\activepieces_setup.md"
"chapter-20-implementation-guide.md","423","3","7.09","C:\Users\polyc\Desktop\DYNASTY\DYNASTY\ohu-legacy-codex\volume-iv-technology-automation\implementation-resources\chapter-20\chapter-20-implementation-guide.md"
"integration-map.md","230","0","0","C:\Users\polyc\Desktop\DYNASTY\DYNASTY\ohu-legacy-codex\volume-iv-technology-automation\implementation-resources\chapter-20\integration-map.md"
"konnectzit_workflows.md","322","0","0","C:\Users\polyc\Desktop\DYNASTY\DYNASTY\ohu-legacy-codex\volume-iv-technology-automation\implementation-resources\chapter-20\konnectzit_workflows.md"
"make_scenarios.md","386","3","7.77","C:\Users\polyc\Desktop\DYNASTY\DYNASTY\ohu-legacy-codex\volume-iv-technology-automation\implementation-resources\chapter-20\make_scenarios.md"
"README.md","141","0","0","C:\Users\polyc\Desktop\DYNASTY\DYNASTY\ohu-legacy-codex\volume-iv-technology-automation\implementation-resources\chapter-20\README.md"
"workflow-definitions.md","383","2","5.22","C:\Users\polyc\Desktop\DYNASTY\DYNASTY\ohu-legacy-codex\volume-iv-technology-automation\implementation-resources\chapter-20\workflow-definitions.md"
"ai_prompts.md","519","2","3.85","C:\Users\polyc\Desktop\DYNASTY\DYNASTY\ohu-legacy-codex\volume-iv-technology-automation\implementation-resources\chapter-21\ai_prompts.md"
"chapter-21-implementation-guide.md","443","0","0","C:\Users\polyc\Desktop\DYNASTY\DYNASTY\ohu-legacy-codex\volume-iv-technology-automation\implementation-resources\chapter-21\chapter-21-implementation-guide.md"
"chatbot_config.md","439","1","2.28","C:\Users\polyc\Desktop\DYNASTY\DYNASTY\ohu-legacy-codex\volume-iv-technology-automation\implementation-resources\chapter-21\chatbot_config.md"
"README.md","180","0","0","C:\Users\polyc\Desktop\DYNASTY\DYNASTY\ohu-legacy-codex\volume-iv-technology-automation\implementation-resources\chapter-21\README.md"
"chapter-22-implementation-guide.md","450","0","0","C:\Users\polyc\Desktop\DYNASTY\DYNASTY\ohu-legacy-codex\volume-iv-technology-automation\implementation-resources\chapter-22\chapter-22-implementation-guide.md"
"README.md","159","0","0","C:\Users\polyc\Desktop\DYNASTY\DYNASTY\ohu-legacy-codex\volume-iv-technology-automation\implementation-resources\chapter-22\README.md"
"seo_checklist.md","387","0","0","C:\Users\polyc\Desktop\DYNASTY\DYNASTY\ohu-legacy-codex\volume-iv-technology-automation\implementation-resources\chapter-22\seo_checklist.md"
"social_media_schedule.md","234","1","4.27","C:\Users\polyc\Desktop\DYNASTY\DYNASTY\ohu-legacy-codex\volume-iv-technology-automation\implementation-resources\chapter-22\social_media_schedule.md"
"ad_copy_templates.md","378","1","2.65","C:\Users\polyc\Desktop\DYNASTY\DYNASTY\ohu-legacy-codex\volume-iv-technology-automation\implementation-resources\chapter-23\ad_copy_templates.md"
"chapter-23-implementation-guide.md","399","0","0","C:\Users\polyc\Desktop\DYNASTY\DYNASTY\ohu-legacy-codex\volume-iv-technology-automation\implementation-resources\chapter-23\chapter-23-implementation-guide.md"
"google_ads_structure.md","322","0","0","C:\Users\polyc\Desktop\DYNASTY\DYNASTY\ohu-legacy-codex\volume-iv-technology-automation\implementation-resources\chapter-23\google_ads_structure.md"
"README.md","152","0","0","C:\Users\polyc\Desktop\DYNASTY\DYNASTY\ohu-legacy-codex\volume-iv-technology-automation\implementation-resources\chapter-23\README.md"
"chapter-24-implementation-guide.md","404","0","0","C:\Users\polyc\Desktop\DYNASTY\DYNASTY\ohu-legacy-codex\volume-iv-technology-automation\implementation-resources\chapter-24\chapter-24-implementation-guide.md"
"objection_playbook.md","356","1","2.81","C:\Users\polyc\Desktop\DYNASTY\DYNASTY\ohu-legacy-codex\volume-iv-technology-automation\implementation-resources\chapter-24\objection_playbook.md"
"onboarding_checklist.md","339","0","0","C:\Users\polyc\Desktop\DYNASTY\DYNASTY\ohu-legacy-codex\volume-iv-technology-automation\implementation-resources\chapter-24\onboarding_checklist.md"
"README.md","134","0","0","C:\Users\polyc\Desktop\DYNASTY\DYNASTY\ohu-legacy-codex\volume-iv-technology-automation\implementation-resources\chapter-24\README.md"
"sales_scripts.md","414","0","0","C:\Users\polyc\Desktop\DYNASTY\DYNASTY\ohu-legacy-codex\volume-iv-technology-automation\implementation-resources\chapter-24\sales_scripts.md"
"README.md","751","0","0","C:\Users\polyc\Desktop\DYNASTY\DYNASTY\ohu-legacy-codex\volume-ix-resources\README.md"
"VOLUME-IX-AUDIT-REPORT.md","2759","3","1.09","C:\Users\polyc\Desktop\DYNASTY\DYNASTY\ohu-legacy-codex\volume-ix-resources\VOLUME-IX-AUDIT-REPORT.md"
"VOLUME-IX-COMPLETION-SUMMARY.md","448","0","0","C:\Users\polyc\Desktop\DYNASTY\DYNASTY\ohu-legacy-codex\volume-ix-resources\VOLUME-IX-COMPLETION-SUMMARY.md"
"VOLUME-IX-FINAL-VERIFICATION.md","574","0","0","C:\Users\polyc\Desktop\DYNASTY\DYNASTY\ohu-legacy-codex\volume-ix-resources\VOLUME-IX-FINAL-VERIFICATION.md"
"VOLUME-IX-INTEGRATION-GUIDE.md","2773","1","0.36","C:\Users\polyc\Desktop\DYNASTY\DYNASTY\ohu-legacy-codex\volume-ix-resources\VOLUME-IX-INTEGRATION-GUIDE.md"
"volume-ix-introduction.md","458","2","4.37","C:\Users\polyc\Desktop\DYNASTY\DYNASTY\ohu-legacy-codex\volume-ix-resources\volume-ix-introduction.md"
"VOLUME-IX-MASTER-SUMMARY.md","1910","2","1.05","C:\Users\polyc\Desktop\DYNASTY\DYNASTY\ohu-legacy-codex\volume-ix-resources\VOLUME-IX-MASTER-SUMMARY.md"
"VOLUME-IX-QUICK-REFERENCE.md","1075","0","0","C:\Users\polyc\Desktop\DYNASTY\DYNASTY\ohu-legacy-codex\volume-ix-resources\VOLUME-IX-QUICK-REFERENCE.md"
"VOLUME_IX_COMPLETION_REPORT.md","1313","1","0.76","C:\Users\polyc\Desktop\DYNASTY\DYNASTY\ohu-legacy-codex\volume-ix-resources\VOLUME_IX_COMPLETION_REPORT.md"
"VOLUME_IX_FINAL_SUMMARY.md","404","2","4.95","C:\Users\polyc\Desktop\DYNASTY\DYNASTY\ohu-legacy-codex\volume-ix-resources\VOLUME_IX_FINAL_SUMMARY.md"
"chapter-46-legal-documents-agreements.md","16208","3","0.19","C:\Users\polyc\Desktop\DYNASTY\DYNASTY\ohu-legacy-codex\volume-ix-resources\book-16-forms-templates\chapter-46-legal-documents-agreements.md"
"chapter-47-financial-templates-models.md","14732","55","3.73","C:\Users\polyc\Desktop\DYNASTY\DYNASTY\ohu-legacy-codex\volume-ix-resources\book-16-forms-templates\chapter-47-financial-templates-models.md"
"chapter-48-marketing-sales-materials.md","12104","40","3.3","C:\Users\polyc\Desktop\DYNASTY\DYNASTY\ohu-legacy-codex\volume-ix-resources\book-16-forms-templates\chapter-48-marketing-sales-materials.md"
"chapter-49-professional-service-providers.md","11569","16","1.38","C:\Users\polyc\Desktop\DYNASTY\DYNASTY\ohu-legacy-codex\volume-ix-resources\book-17-vendor-directory\chapter-49-professional-service-providers.md"
"chapter-50-technology-tools-directory.md","516","0","0","C:\Users\polyc\Desktop\DYNASTY\DYNASTY\ohu-legacy-codex\volume-ix-resources\book-17-vendor-directory\chapter-50-technology-tools-directory.md"
"chapter-51-compliance-regulatory-guide.md","543","0","0","C:\Users\polyc\Desktop\DYNASTY\DYNASTY\ohu-legacy-codex\volume-ix-resources\book-17-vendor-directory\chapter-51-compliance-regulatory-guide.md"
"VOLUME-V-COMPLETION-REPORT.md","464","0","0","C:\Users\polyc\Desktop\DYNASTY\DYNASTY\ohu-legacy-codex\volume-v-operations-scaling\VOLUME-V-COMPLETION-REPORT.md"
"VOLUME-V-EXPANSION-COMPLETE.md","627","1","1.59","C:\Users\polyc\Desktop\DYNASTY\DYNASTY\ohu-legacy-codex\volume-v-operations-scaling\VOLUME-V-EXPANSION-COMPLETE.md"
"volume-v-introduction.md","297","0","0","C:\Users\polyc\Desktop\DYNASTY\DYNASTY\ohu-legacy-codex\volume-v-operations-scaling\volume-v-introduction.md"
"VOLUME_V_SUMMARY.md","372","0","0","C:\Users\polyc\Desktop\DYNASTY\DYNASTY\ohu-legacy-codex\volume-v-operations-scaling\VOLUME_V_SUMMARY.md"
"chapter-28-accounting-bookkeeping-systems.md","3741","10","2.67","C:\Users\polyc\Desktop\DYNASTY\DYNASTY\ohu-legacy-codex\volume-v-operations-scaling\book-10-financial-management\chapter-28-accounting-bookkeeping-systems.md"
"chapter-29-financial-planning-analysis.md","3418","22","6.44","C:\Users\polyc\Desktop\DYNASTY\DYNASTY\ohu-legacy-codex\volume-v-operations-scaling\book-10-financial-management\chapter-29-financial-planning-analysis.md"
"chapter-30-tax-strategy-implementation.md","3320","17","5.12","C:\Users\polyc\Desktop\DYNASTY\DYNASTY\ohu-legacy-codex\volume-v-operations-scaling\book-10-financial-management\chapter-30-tax-strategy-implementation.md"
"chapter-25-virtual-team-building.md","9948","22","2.21","C:\Users\polyc\Desktop\DYNASTY\DYNASTY\ohu-legacy-codex\volume-v-operations-scaling\book-9-human-capital-management\chapter-25-virtual-team-building.md"
"chapter-26-us-team-development.md","6853","20","2.92","C:\Users\polyc\Desktop\DYNASTY\DYNASTY\ohu-legacy-codex\volume-v-operations-scaling\book-9-human-capital-management\chapter-26-us-team-development.md"
"chapter-27-organizational-development.md","6101","21","3.44","C:\Users\polyc\Desktop\DYNASTY\DYNASTY\ohu-legacy-codex\volume-v-operations-scaling\book-9-human-capital-management\chapter-27-organizational-development.md"
"COMPLETION_REPORT.md","696","2","2.87","C:\Users\polyc\Desktop\DYNASTY\DYNASTY\ohu-legacy-codex\volume-vi-family-governance\COMPLETION_REPORT.md"
"VOLUME-VI-COMPLETION-REPORT.md","493","0","0","C:\Users\polyc\Desktop\DYNASTY\DYNASTY\ohu-legacy-codex\volume-vi-family-governance\VOLUME-VI-COMPLETION-REPORT.md"
"volume-vi-introduction.md","247","0","0","C:\Users\polyc\Desktop\DYNASTY\DYNASTY\ohu-legacy-codex\volume-vi-family-governance\volume-vi-introduction.md"
"VOLUME_VI_SUMMARY.md","574","1","1.74","C:\Users\polyc\Desktop\DYNASTY\DYNASTY\ohu-legacy-codex\volume-vi-family-governance\VOLUME_VI_SUMMARY.md"
"chapter-31-family-council-operations.md","4662","1","0.21","C:\Users\polyc\Desktop\DYNASTY\DYNASTY\ohu-legacy-codex\volume-vi-family-governance\book-11-family-business-governance\chapter-31-family-council-operations.md"
"chapter-32-childrens-business-education.md","5439","24","4.41","C:\Users\polyc\Desktop\DYNASTY\DYNASTY\ohu-legacy-codex\volume-vi-family-governance\book-11-family-business-governance\chapter-32-childrens-business-education.md"
"chapter-33-succession-planning.md","4795","4","0.83","C:\Users\polyc\Desktop\DYNASTY\DYNASTY\ohu-legacy-codex\volume-vi-family-governance\book-11-family-business-governance\chapter-33-succession-planning.md"
"chapter-34-estate-planning-integration.md","3744","0","0","C:\Users\polyc\Desktop\DYNASTY\DYNASTY\ohu-legacy-codex\volume-vi-family-governance\book-12-wealth-preservation-transfer\chapter-34-estate-planning-integration.md"
"chapter-35-insurance-risk-management.md","5230","5","0.96","C:\Users\polyc\Desktop\DYNASTY\DYNASTY\ohu-legacy-codex\volume-vi-family-governance\book-12-wealth-preservation-transfer\chapter-35-insurance-risk-management.md"
"chapter-36-philanthropy-legacy.md","3742","2","0.53","C:\Users\polyc\Desktop\DYNASTY\DYNASTY\ohu-legacy-codex\volume-vi-family-governance\book-12-wealth-preservation-transfer\chapter-36-philanthropy-legacy.md"
"VOLUME-VII-COMPLETION-REPORT.md","455","0","0","C:\Users\polyc\Desktop\DYNASTY\DYNASTY\ohu-legacy-codex\volume-vii-implementation\VOLUME-VII-COMPLETION-REPORT.md"
"volume-vii-introduction.md","984","2","2.03","C:\Users\polyc\Desktop\DYNASTY\DYNASTY\ohu-legacy-codex\volume-vii-implementation\volume-vii-introduction.md"
"chapter-37-30-day-quick-start.md","4011","0","0","C:\Users\polyc\Desktop\DYNASTY\DYNASTY\ohu-legacy-codex\volume-vii-implementation\book-13-launch-sequences\chapter-37-30-day-quick-start.md"
"chapter-38-90-day-transformation.md","3434","1","0.29","C:\Users\polyc\Desktop\DYNASTY\DYNASTY\ohu-legacy-codex\volume-vii-implementation\book-13-launch-sequences\chapter-38-90-day-transformation.md"
"chapter-39-year-1-execution-plan.md","3426","1","0.29","C:\Users\polyc\Desktop\DYNASTY\DYNASTY\ohu-legacy-codex\volume-vii-implementation\book-13-launch-sequences\chapter-39-year-1-execution-plan.md"
"chapter-40-standard-operating-procedures.md","4087","4","0.98","C:\Users\polyc\Desktop\DYNASTY\DYNASTY\ohu-legacy-codex\volume-vii-implementation\book-14-operational-excellence\chapter-40-standard-operating-procedures.md"
"chapter-41-quality-management-systems.md","3027","3","0.99","C:\Users\polyc\Desktop\DYNASTY\DYNASTY\ohu-legacy-codex\volume-vii-implementation\book-14-operational-excellence\chapter-41-quality-management-systems.md"
"chapter-42-performance-management.md","3382","4","1.18","C:\Users\polyc\Desktop\DYNASTY\DYNASTY\ohu-legacy-codex\volume-vii-implementation\book-14-operational-excellence\chapter-42-performance-management.md"
"FINAL-VERIFICATION.md","877","3","3.42","C:\Users\polyc\Desktop\DYNASTY\DYNASTY\ohu-legacy-codex\volume-viii-growth-exit\FINAL-VERIFICATION.md"
"VOLUME-VIII-COMPLETION-REPORT.md","325","0","0","C:\Users\polyc\Desktop\DYNASTY\DYNASTY\ohu-legacy-codex\volume-viii-growth-exit\VOLUME-VIII-COMPLETION-REPORT.md"
"VOLUME-VIII-COMPLETION-SUMMARY.md","974","4","4.11","C:\Users\polyc\Desktop\DYNASTY\DYNASTY\ohu-legacy-codex\volume-viii-growth-exit\VOLUME-VIII-COMPLETION-SUMMARY.md"
"volume-viii-introduction.md","661","0","0","C:\Users\polyc\Desktop\DYNASTY\DYNASTY\ohu-legacy-codex\volume-viii-growth-exit\volume-viii-introduction.md"
"chapter-43-business-acquisition-playbook.md","11282","5","0.44","C:\Users\polyc\Desktop\DYNASTY\DYNASTY\ohu-legacy-codex\volume-viii-growth-exit\book-15-scaling-strategies\chapter-43-business-acquisition-playbook.md"
"chapter-43-expansion.md","2464","0","0","C:\Users\polyc\Desktop\DYNASTY\DYNASTY\ohu-legacy-codex\volume-viii-growth-exit\book-15-scaling-strategies\chapter-43-expansion.md"
"chapter-44-strategic-partnerships.md","13350","29","2.17","C:\Users\polyc\Desktop\DYNASTY\DYNASTY\ohu-legacy-codex\volume-viii-growth-exit\book-15-scaling-strategies\chapter-44-strategic-partnerships.md"
"chapter-45-exit-planning-execution.md","12639","26","2.06","C:\Users\polyc\Desktop\DYNASTY\DYNASTY\ohu-legacy-codex\volume-viii-growth-exit\book-15-scaling-strategies\chapter-45-exit-planning-execution.md"
"FINAL-VERIFICATION.md","526","2","3.8","C:\Users\polyc\Desktop\DYNASTY\DYNASTY\ohu-legacy-codex\volume-x-troubleshooting-optimization\FINAL-VERIFICATION.md"
"README.md","876","2","2.28","C:\Users\polyc\Desktop\DYNASTY\DYNASTY\ohu-legacy-codex\volume-x-troubleshooting-optimization\README.md"
"VOLUME-X-COMPLETE.md","786","3","3.82","C:\Users\polyc\Desktop\DYNASTY\DYNASTY\ohu-legacy-codex\volume-x-troubleshooting-optimization\VOLUME-X-COMPLETE.md"
"VOLUME-X-COMPLETION-SUMMARY.md","1786","5","2.8","C:\Users\polyc\Desktop\DYNASTY\DYNASTY\ohu-legacy-codex\volume-x-troubleshooting-optimization\VOLUME-X-COMPLETION-SUMMARY.md"
"VOLUME-X-FINAL-VERIFICATION.md","1220","2","1.64","C:\Users\polyc\Desktop\DYNASTY\DYNASTY\ohu-legacy-codex\volume-x-troubleshooting-optimization\VOLUME-X-FINAL-VERIFICATION.md"
"volume-x-introduction.md","346","0","0","C:\Users\polyc\Desktop\DYNASTY\DYNASTY\ohu-legacy-codex\volume-x-troubleshooting-optimization\volume-x-introduction.md"
"VOLUME_X_FINAL_SUMMARY.md","336","0","0","C:\Users\polyc\Desktop\DYNASTY\DYNASTY\ohu-legacy-codex\volume-x-troubleshooting-optimization\VOLUME_X_FINAL_SUMMARY.md"
"chapter-52-common-problems-solutions.md","6527","1","0.15","C:\Users\polyc\Desktop\DYNASTY\DYNASTY\ohu-legacy-codex\volume-x-troubleshooting-optimization\book-18-problem-solving-crisis-management\chapter-52-common-problems-solutions.md"
"chapter-53-crisis-management-protocols.md","5038","7","1.39","C:\Users\polyc\Desktop\DYNASTY\DYNASTY\ohu-legacy-codex\volume-x-troubleshooting-optimization\book-18-problem-solving-crisis-management\chapter-53-crisis-management-protocols.md"
"chapter-54-continuous-optimization.md","949","0","0","C:\Users\polyc\Desktop\DYNASTY\DYNASTY\ohu-legacy-codex\volume-x-troubleshooting-optimization\book-18-problem-solving-crisis-management\chapter-54-continuous-optimization.md"
"chapter-55-kaizen-continuous-improvement.md","3578","5","1.4","C:\Users\polyc\Desktop\DYNASTY\DYNASTY\ohu-legacy-codex\volume-x-troubleshooting-optimization\book-19-optimization-continuous-improvement\chapter-55-kaizen-continuous-improvement.md"
"chapter-56-innovation-rd-labs.md","3968","9","2.27","C:\Users\polyc\Desktop\DYNASTY\DYNASTY\ohu-legacy-codex\volume-x-troubleshooting-optimization\book-19-optimization-continuous-improvement\chapter-56-innovation-rd-labs.md"
"chapter-57-audit-compliance-optimization.md","3809","1","0.26","C:\Users\polyc\Desktop\DYNASTY\DYNASTY\ohu-legacy-codex\volume-x-troubleshooting-optimization\book-19-optimization-continuous-improvement\chapter-57-audit-compliance-optimization.md"
