AuditID,ProcessID,Schedule,Checklist,Owner
AUD-001,PROC-001,Quarterly,Verify SOP current; sample 5 records; check KPIs,Process Owner
AUD-002,PROC-002,Quarterly,Verify SOP current; sample 5 records; check KPIs,Process Owner
AUD-003,PROC-003,Quarterly,Verify SOP current; sample 5 records; check KPIs,Process Owner
AUD-004,PROC-004,Quarterly,Verify SOP current; sample 5 records; check KPIs,Process Owner
AUD-005,PROC-005,Quarterly,Verify SOP current; sample 5 records; check KPIs,Process Owner
AUD-006,PROC-006,Quarterly,Verify SOP current; sample 5 records; check KPIs,Process Owner
AUD-007,PROC-007,Quarterly,Verify SOP current; sample 5 records; check KPIs,Process Owner
AUD-008,PROC-008,Quarterly,Verify SOP current; sample 5 records; check KPIs,Process Owner
AUD-009,PROC-009,Quarterly,Verify SOP current; sample 5 records; check KPIs,Process Owner
AUD-010,PROC-010,Quarterly,Verify SOP current; sample 5 records; check KPIs,Process Owner
AUD-011,PROC-011,Quarterly,Verify SOP current; sample 5 records; check KPIs,Process Owner
AUD-012,PROC-012,Quarterly,Verify SOP current; sample 5 records; check KPIs,Process Owner
AUD-013,PROC-013,Quarterly,Verify SOP current; sample 5 records; check KPIs,Process Owner
AUD-014,PROC-014,Quarterly,Verify SOP current; sample 5 records; check KPIs,Process Owner
AUD-015,PROC-015,Quarterly,Verify SOP current; sample 5 records; check KPIs,Process Owner
AUD-016,PROC-016,Quarterly,Verify SOP current; sample 5 records; check KPIs,Process Owner
AUD-017,PROC-017,Quarterly,Verify SOP current; sample 5 records; check KPIs,Process Owner
AUD-018,PROC-018,Quarterly,Verify SOP current; sample 5 records; check KPIs,Process Owner
AUD-019,PROC-019,Quarterly,Verify SOP current; sample 5 records; check KPIs,Process Owner
AUD-020,PROC-020,Quarterly,Verify SOP current; sample 5 records; check KPIs,Process Owner
AUD-021,PROC-021,Quarterly,Verify SOP current; sample 5 records; check KPIs,Process Owner
AUD-022,PROC-022,Quarterly,Verify SOP current; sample 5 records; check KPIs,Process Owner
AUD-023,PROC-023,Quarterly,Verify SOP current; sample 5 records; check KPIs,Process Owner
AUD-024,PROC-024,Quarterly,Verify SOP current; sample 5 records; check KPIs,Process Owner
AUD-025,PROC-025,Quarterly,Verify SOP current; sample 5 records; check KPIs,Process Owner
AUD-026,PROC-026,Quarterly,Verify SOP current; sample 5 records; check KPIs,Process Owner
AUD-027,PROC-027,Quarterly,Verify SOP current; sample 5 records; check KPIs,Process Owner
AUD-028,PROC-028,Quarterly,Verify SOP current; sample 5 records; check KPIs,Process Owner
AUD-029,PROC-029,Quarterly,Verify SOP current; sample 5 records; check KPIs,Process Owner
AUD-030,PROC-030,Quarterly,Verify SOP current; sample 5 records; check KPIs,Process Owner
AUD-031,PROC-031,Quarterly,Verify SOP current; sample 5 records; check KPIs,Process Owner
AUD-032,PROC-032,Quarterly,Verify SOP current; sample 5 records; check KPIs,Process Owner
AUD-033,PROC-033,Quarterly,Verify SOP current; sample 5 records; check KPIs,Process Owner
AUD-034,PROC-034,Quarterly,Verify SOP current; sample 5 records; check KPIs,Process Owner
AUD-035,PROC-035,Quarterly,Verify SOP current; sample 5 records; check KPIs,Process Owner
AUD-036,PROC-036,Quarterly,Verify SOP current; sample 5 records; check KPIs,Process Owner
AUD-037,PROC-037,Quarterly,Verify SOP current; sample 5 records; check KPIs,Process Owner
AUD-038,PROC-038,Quarterly,Verify SOP current; sample 5 records; check KPIs,Process Owner
AUD-039,PROC-039,Quarterly,Verify SOP current; sample 5 records; check KPIs,Process Owner
AUD-040,PROC-040,Quarterly,Verify SOP current; sample 5 records; check KPIs,Process Owner
AUD-041,PROC-041,Quarterly,Verify SOP current; sample 5 records; check KPIs,Process Owner
AUD-042,PROC-042,Quarterly,Verify SOP current; sample 5 records; check KPIs,Process Owner
AUD-043,PROC-043,Quarterly,Verify SOP current; sample 5 records; check KPIs,Process Owner
AUD-044,PROC-044,Quarterly,Verify SOP current; sample 5 records; check KPIs,Process Owner
AUD-045,PROC-045,Quarterly,Verify SOP current; sample 5 records; check KPIs,Process Owner
AUD-046,PROC-046,Quarterly,Verify SOP current; sample 5 records; check KPIs,Process Owner
AUD-047,PROC-047,Quarterly,Verify SOP current; sample 5 records; check KPIs,Process Owner
AUD-048,PROC-048,Quarterly,Verify SOP current; sample 5 records; check KPIs,Process Owner
AUD-049,PROC-049,Quarterly,Verify SOP current; sample 5 records; check KPIs,Process Owner
AUD-050,PROC-050,Quarterly,Verify SOP current; sample 5 records; check KPIs,Process Owner
AUD-051,PROC-051,Quarterly,Verify SOP current; sample 5 records; check KPIs,Process Owner
AUD-052,PROC-052,Quarterly,Verify SOP current; sample 5 records; check KPIs,Process Owner
AUD-053,PROC-053,Quarterly,Verify SOP current; sample 5 records; check KPIs,Process Owner
AUD-054,PROC-054,Quarterly,Verify SOP current; sample 5 records; check KPIs,Process Owner
AUD-055,PROC-055,Quarterly,Verify SOP current; sample 5 records; check KPIs,Process Owner
AUD-056,PROC-056,Quarterly,Verify SOP current; sample 5 records; check KPIs,Process Owner
AUD-057,PROC-057,Quarterly,Verify SOP current; sample 5 records; check KPIs,Process Owner
AUD-058,PROC-058,Quarterly,Verify SOP current; sample 5 records; check KPIs,Process Owner
AUD-059,PROC-059,Quarterly,Verify SOP current; sample 5 records; check KPIs,Process Owner
AUD-060,PROC-060,Quarterly,Verify SOP current; sample 5 records; check KPIs,Process Owner
AUD-061,PROC-061,Quarterly,Verify SOP current; sample 5 records; check KPIs,Process Owner
AUD-062,PROC-062,Quarterly,Verify SOP current; sample 5 records; check KPIs,Process Owner
AUD-063,PROC-063,Quarterly,Verify SOP current; sample 5 records; check KPIs,Process Owner
AUD-064,PROC-064,Quarterly,Verify SOP current; sample 5 records; check KPIs,Process Owner
AUD-065,PROC-065,Quarterly,Verify SOP current; sample 5 records; check KPIs,Process Owner
AUD-066,PROC-066,Quarterly,Verify SOP current; sample 5 records; check KPIs,Process Owner
AUD-067,PROC-067,Quarterly,Verify SOP current; sample 5 records; check KPIs,Process Owner
AUD-068,PROC-068,Quarterly,Verify SOP current; sample 5 records; check KPIs,Process Owner
AUD-069,PROC-069,Quarterly,Verify SOP current; sample 5 records; check KPIs,Process Owner
AUD-070,PROC-070,Quarterly,Verify SOP current; sample 5 records; check KPIs,Process Owner
AUD-071,PROC-071,Quarterly,Verify SOP current; sample 5 records; check KPIs,Process Owner
AUD-072,PROC-072,Quarterly,Verify SOP current; sample 5 records; check KPIs,Process Owner
AUD-073,PROC-073,Quarterly,Verify SOP current; sample 5 records; check KPIs,Process Owner
AUD-074,PROC-074,Quarterly,Verify SOP current; sample 5 records; check KPIs,Process Owner
AUD-075,PROC-075,Quarterly,Verify SOP current; sample 5 records; check KPIs,Process Owner
AUD-076,PROC-076,Quarterly,Verify SOP current; sample 5 records; check KPIs,Process Owner
AUD-077,PROC-077,Quarterly,Verify SOP current; sample 5 records; check KPIs,Process Owner
AUD-078,PROC-078,Quarterly,Verify SOP current; sample 5 records; check KPIs,Process Owner
AUD-079,PROC-079,Quarterly,Verify SOP current; sample 5 records; check KPIs,Process Owner
AUD-080,PROC-080,Quarterly,Verify SOP current; sample 5 records; check KPIs,Process Owner
AUD-081,PROC-081,Quarterly,Verify SOP current; sample 5 records; check KPIs,Process Owner
AUD-082,PROC-082,Quarterly,Verify SOP current; sample 5 records; check KPIs,Process Owner
AUD-083,PROC-083,Quarterly,Verify SOP current; sample 5 records; check KPIs,Process Owner
AUD-084,PROC-084,Quarterly,Verify SOP current; sample 5 records; check KPIs,Process Owner
AUD-085,PROC-085,Quarterly,Verify SOP current; sample 5 records; check KPIs,Process Owner
AUD-086,PROC-086,Quarterly,Verify SOP current; sample 5 records; check KPIs,Process Owner
AUD-087,PROC-087,Quarterly,Verify SOP current; sample 5 records; check KPIs,Process Owner
AUD-088,PROC-088,Quarterly,Verify SOP current; sample 5 records; check KPIs,Process Owner
AUD-089,PROC-089,Quarterly,Verify SOP current; sample 5 records; check KPIs,Process Owner
AUD-090,PROC-090,Quarterly,Verify SOP current; sample 5 records; check KPIs,Process Owner
AUD-091,PROC-091,Quarterly,Verify SOP current; sample 5 records; check KPIs,Process Owner
AUD-092,PROC-092,Quarterly,Verify SOP current; sample 5 records; check KPIs,Process Owner
AUD-093,PROC-093,Quarterly,Verify SOP current; sample 5 records; check KPIs,Process Owner
AUD-094,PROC-094,Quarterly,Verify SOP current; sample 5 records; check KPIs,Process Owner
AUD-095,PROC-095,Quarterly,Verify SOP current; sample 5 records; check KPIs,Process Owner
AUD-096,PROC-096,Quarterly,Verify SOP current; sample 5 records; check KPIs,Process Owner
AUD-097,PROC-097,Quarterly,Verify SOP current; sample 5 records; check KPIs,Process Owner
