ProcessID,Process_Name,Process_Category,Objective,Trigger,Start_Condition,End_Condition,Frequency,Risk_Level,Status,Documentation_URL
PROC-001,Annual Strategic Planning,Strategy & Planning,,,,,As needed,Medium,Planned,
PROC-002,Quarterly OKRs & Review,Strategy & Planning,,,,,As needed,Medium,Planned,
PROC-003,Market Research & Niche Validation,Strategy & Planning,,,,,As needed,Medium,Planned,
PROC-004,Product/Service Portfolio Management,Strategy & Planning,,,,,As needed,Medium,Planned,
PROC-005,Pricing Strategy & Packaging,Strategy & Planning,,,,,As needed,Medium,Planned,
PROC-006,Partner/Channel Strategy,Strategy & Planning,,,,,As needed,Medium,Planned,
PROC-007,Brand Governance & Messaging,Strategy & Planning,,,,,As needed,Medium,Planned,
PROC-008,SEO Content Lifecycle,Marketing & Growth,,,,,As needed,Medium,Planned,
PROC-009,Content Repurposing & Syndication,Marketing & Growth,,,,,As needed,Medium,Planned,
PROC-010,Social Media Calendar & Community,Marketing & Growth,,,,,As needed,Medium,Planned,
PROC-011,Email List Building & Nurture,Marketing & Growth,,,,,As needed,Medium,Planned,
PROC-012,Paid Ads Campaign Lifecycle,Marketing & Growth,,,,,As needed,Medium,Planned,
PROC-013,Influencer/UGC Program,Marketing & Growth,,,,,As needed,Medium,Planned,
PROC-014,PR & Thought Leadership,Marketing & Growth,,,,,As needed,Medium,Planned,
PROC-015,Affiliate/Referral Program,Marketing & Growth,,,,,As needed,Medium,Planned,
PROC-016,Web Analytics & CRO Loop,Marketing & Growth,,,,,As needed,Medium,Planned,
PROC-017,Lead Intake & Qualification,Sales & Revenue,,,,,As needed,Medium,Planned,
PROC-018,Discovery Call Workflow,Sales & Revenue,,,,,As needed,Medium,Planned,
PROC-019,Solutioning/Demo Workflow,Sales & Revenue,,,,,As needed,Medium,Planned,
PROC-020,Proposal & SOW Creation,Sales & Revenue,,,,,As needed,Medium,Planned,
PROC-021,Contracting & eSignature,Sales & Revenue,,,,,As needed,Medium,Planned,
PROC-022,Deal Desk & Discounting,Sales & Revenue,,,,,As needed,Medium,Planned,
PROC-023,Pipeline Hygiene & Forecasting,Sales & Revenue,,,,,As needed,Medium,Planned,
PROC-024,Onboarding Handoff (Salesâ†’Delivery),Sales & Revenue,,,,,As needed,Medium,Planned,
PROC-025,Welcome & Kickoff,Client/Customer Onboarding,,,,,As needed,Medium,Planned,
PROC-026,Requirements Gathering,Client/Customer Onboarding,,,,,As needed,Medium,Planned,
PROC-027,Implementation/Setup,Client/Customer Onboarding,,,,,As needed,Medium,Planned,
PROC-028,Training & Enablement,Client/Customer Onboarding,,,,,As needed,Medium,Planned,
PROC-029,Go-Live/Launch Readiness,Client/Customer Onboarding,,,,,As needed,Medium,Planned,
PROC-030,Hypercare (30/60/90),Client/Customer Onboarding,,,,,As needed,Medium,Planned,
PROC-031,Onboarding Closeout & Feedback,Client/Customer Onboarding,,,,,As needed,Medium,Planned,
PROC-032,Project Intake & Planning,Service Delivery / Operations,,,,,As needed,Medium,Planned,
PROC-033,Work Execution & QA,Service Delivery / Operations,,,,,As needed,Medium,Planned,
PROC-034,Change Request Management,Service Delivery / Operations,,,,,As needed,Medium,Planned,
PROC-035,Deliverable Packaging & Handover,Service Delivery / Operations,,,,,As needed,Medium,Planned,
PROC-036,Issue/Incident Response,Service Delivery / Operations,,,,,As needed,Medium,Planned,
PROC-037,Maintenance & Service Reviews,Service Delivery / Operations,,,,,As needed,Medium,Planned,
PROC-038,Product Sourcing/Vetting,Ecommerce / Fulfillment,,,,,As needed,Medium,Planned,
PROC-039,Inventory Planning & Reorder,Ecommerce / Fulfillment,,,,,As needed,Medium,Planned,
PROC-040,Listing Creation & QA,Ecommerce / Fulfillment,,,,,As needed,Medium,Planned,
PROC-041,Order Fulfillment & Shipping,Ecommerce / Fulfillment,,,,,As needed,Medium,Planned,
PROC-042,Returns & Exchanges,Ecommerce / Fulfillment,,,,,As needed,Medium,Planned,
PROC-043,Supplier Performance Review,Ecommerce / Fulfillment,,,,,As needed,Medium,Planned,
PROC-044,Roadmap & Backlog Grooming,SaaS Product & Engineering,,,,,As needed,Medium,Planned,
PROC-045,Sprint Planning & Standups,SaaS Product & Engineering,,,,,As needed,Medium,Planned,
PROC-046,Code Review & QA,SaaS Product & Engineering,,,,,As needed,Medium,Planned,
PROC-047,Release/Deployment Management,SaaS Product & Engineering,,,,,As needed,Medium,Planned,
PROC-048,Security Patch & Vulnerability Mgmt,SaaS Product & Engineering,,,,,As needed,Medium,Planned,
PROC-049,Uptime/Monitoring/Incident Mgmt,SaaS Product & Engineering,,,,,As needed,Medium,Planned,
PROC-050,Change Log & Communications,SaaS Product & Engineering,,,,,As needed,Medium,Planned,
PROC-051,Helpdesk/Ticket Triage,Support & Success,,,,,As needed,Medium,Planned,
PROC-052,Escalation & RCA,Support & Success,,,,,As needed,Medium,Planned,
PROC-053,Renewals & Expansion,Support & Success,,,,,As needed,Medium,Planned,
PROC-054,Health Scoring & QBRs,Support & Success,,,,,As needed,Medium,Planned,
PROC-055,Community/Forum Moderation,Support & Success,,,,,As needed,Medium,Planned,
PROC-056,Knowledge Base Management,Support & Success,,,,,As needed,Medium,Planned,
PROC-057,Budgeting & Forecasting,Finance & Admin,,,,,As needed,Medium,Planned,
PROC-058,Invoicing & Collections,Finance & Admin,,,,,As needed,Medium,Planned,
PROC-059,AP/Expense Management,Finance & Admin,,,,,As needed,Medium,Planned,
PROC-060,Payroll & Contractor Payments,Finance & Admin,,,,,As needed,Medium,Planned,
PROC-061,Month-End Close & Reporting,Finance & Admin,,,,,As needed,Medium,Planned,
PROC-062,Tax Compliance & Filings,Finance & Admin,,,,,As needed,Medium,Planned,
PROC-063,Procurement & Vendor Mgmt,Finance & Admin,,,,,As needed,Medium,Planned,
PROC-064,Workforce Planning & Reqs,HR / People Ops,,,,,As needed,Medium,Planned,
PROC-065,Recruiting & Interviewing,HR / People Ops,,,,,As needed,Medium,Planned,
PROC-066,New Hire Onboarding (People),HR / People Ops,,,,,As needed,Medium,Planned,
PROC-067,Compensation & Benefits Admin,HR / People Ops,,,,,As needed,Medium,Planned,
PROC-068,Performance Reviews & PIPs,HR / People Ops,,,,,As needed,Medium,Planned,
PROC-069,L&D / Training Programs,HR / People Ops,,,,,As needed,Medium,Planned,
PROC-070,Offboarding & Knowledge Transfer,HR / People Ops,,,,,As needed,Medium,Planned,
PROC-071,Policy Management & Training,"Compliance, Risk & Legal",,,,,As needed,Medium,Planned,
PROC-072,Data Privacy & Access Control,"Compliance, Risk & Legal",,,,,As needed,Medium,Planned,
PROC-073,"Regulatory Compliance (e.g., HIPAA)","Compliance, Risk & Legal",,,,,As needed,Medium,Planned,
PROC-074,Contract Lifecycle Management,"Compliance, Risk & Legal",,,,,As needed,Medium,Planned,
PROC-075,Risk Assessment & Mitigation,"Compliance, Risk & Legal",,,,,As needed,Medium,Planned,
PROC-076,Business Continuity/DR,"Compliance, Risk & Legal",,,,,As needed,Medium,Planned,
PROC-077,Internal Audit & CAPA,"Compliance, Risk & Legal",,,,,As needed,Medium,Planned,
PROC-078,Integration Design & Orchestration,Automation & Data,,,,,As needed,Medium,Planned,
PROC-079,ETL/ELT Data Pipelines,Automation & Data,,,,,As needed,Medium,Planned,
PROC-080,KPI Definition & Dashboards,Automation & Data,,,,,As needed,Medium,Planned,
PROC-081,Automation Opportunity Intake,Automation & Data,,,,,As needed,Medium,Planned,
PROC-082,Bot/Script Maintenance,Automation & Data,,,,,As needed,Medium,Planned,
PROC-083,Data Backup & Restore Tests,Automation & Data,,,,,As needed,Medium,Planned,
PROC-084,Property Acquisition & Due Diligence,Specialized (Real Estate/Construction/Coaching/Publishing),,,,,As needed,Medium,Planned,
PROC-085,Tenant Onboarding & Lease Mgmt,Specialized (Real Estate/Construction/Coaching/Publishing),,,,,As needed,Medium,Planned,
PROC-086,Maintenance Work Orders,Specialized (Real Estate/Construction/Coaching/Publishing),,,,,As needed,Medium,Planned,
PROC-087,Construction Job Estimating & Bids,Specialized (Real Estate/Construction/Coaching/Publishing),,,,,As needed,Medium,Planned,
PROC-088,Site Safety & Compliance,Specialized (Real Estate/Construction/Coaching/Publishing),,,,,As needed,Medium,Planned,
PROC-089,Coaching Program Curriculum & Sessions,Specialized (Real Estate/Construction/Coaching/Publishing),,,,,As needed,Medium,Planned,
PROC-090,KDP Title Ideation & Launch,Specialized (Real Estate/Construction/Coaching/Publishing),,,,,As needed,Medium,Planned,
PROC-091,KDP Royalty Tracking & Optimization,Specialized (Real Estate/Construction/Coaching/Publishing),,,,,As needed,Medium,Planned,
PROC-092,Category/Location Taxonomy Updates,Directory Ops (Brilliant Directories/WordPress),,,,,As needed,Medium,Planned,
PROC-093,Member Verification & QA,Directory Ops (Brilliant Directories/WordPress),,,,,As needed,Medium,Planned,
PROC-094,Listing Approval & Publishing,Directory Ops (Brilliant Directories/WordPress),,,,,As needed,Medium,Planned,
PROC-095,Lead Distribution & Routing,Directory Ops (Brilliant Directories/WordPress),,,,,As needed,Medium,Planned,
PROC-096,Coupon/Deal Management,Directory Ops (Brilliant Directories/WordPress),,,,,As needed,Medium,Planned,
PROC-097,Churn Prevention & Win-Back,Directory Ops (Brilliant Directories/WordPress),,,,,As needed,Medium,Planned,
