Service,Deliverables,Bonuses,Guarantee,Total Value,Offer Price,Scarcity
Thumbnail Design,"3 CTR-optimized thumbnail variants ($600), A/B CTR testing report ($300), Priority 72-hour delivery ($150)",Performance insights included ($200),Free redesign until CTR improves,$1250,$297,Only limited thumbnail design slots available per month to maintain quality.
Video Editing,"Edited short-form video (9–60s) ($500), Captions + sound design ($250), 3 viral hook options ($300)",Retention optimization report ($200),Free re-edit if retention doesn’t improve,$1250,$397,Only limited video editing slots available per month to maintain quality.
Copywriting,"Copy pack of 5–10 tested variants ($700), Tailored to campaign goals ($400), A/B testing recommendations ($300)",Unlimited revisions until performance improves ($250),Free rewrites until CTR/conversions improve,$1650,$497,Only limited copywriting slots available per month to maintain quality.
Scriptwriting,"Complete script (1–3 minutes) ($400), 3 alternate hooks ($250), CTA recommendations ($200)",Voiceover direction ($150),Unlimited revisions until approval,$1000,$297,Only limited scriptwriting slots available per month to maintain quality.
Illustration,"One high-resolution illustration ($500), 3 resized social/ad variants ($250), Source files included ($300)",Brand style sheet ($200),Unlimited revisions until brand alignment,$1250,$597,Only limited illustration slots available per month to maintain quality.
Hashtag Research,"Weekly report with 15–30 hashtags ($200), Grouped by intent & priority ($150), Optimization tips ($150)",Content calendar alignment ($200),Free replacement sets if no performance uplift,$700,$197,Only limited hashtag research slots available per month to maintain quality.
Content Scheduling,"Weekly content calendar ($300), Posts scheduled across chosen platforms ($400), Optimized posting times ($200)",Weekly performance summary ($200),Refund if a scheduled post fails,$1100,$297,Only limited content scheduling slots available per month to maintain quality.
Community Management,"Daily monitoring & moderation ($500), Engagement responses ($300), Weekly engagement report ($250)",Sensitive case playbooks ($200),Extended service free until engagement improves,$1250,$597,Only limited community management slots available per month to maintain quality.
Direct Messaging,"Real-time DM monitoring & qualification ($600), Customized scripts ($300), Call booking & CRM updates ($400)",Lead source tagging ($200),Extended free until leads are generated,$1500,$697,Only limited direct messaging slots available per month to maintain quality.
Split Testing,"A/B testing up to 5 creatives ($400), Experiment design & setup ($300), Winner implementation guide ($250)",Statistical significance reporting ($200),Free additional test if no winner,$1150,$397,Only limited split testing slots available per month to maintain quality.
Retargeting,"Audience segmentation ($500), Full retargeting build ($700), Sequenced messaging setup ($400)",Frequency cap recommendations ($200),Free re-optimization until ROAS improves,$1800,$997,Only limited retargeting slots available per month to maintain quality.
Funnel Building,"Landing page & thank-you page ($1000), Email sequence (3–7 emails) ($700), Tracking & attribution ($400)",Optimization support ($300),Free optimization if funnel underperforms,$2400,$1497,Only limited funnel building slots available per month to maintain quality.
Conversion Optimization,"3 CRO tests per month ($1000), Experiment backlog ($400), Winner implementation ($500)",Weekly reporting ($300),Free service extension until uplift achieved,$2200,$1197,Only limited conversion optimization slots available per month to maintain quality.
Content Calendar,"90-day content calendar ($500), Optimization for best posting times ($200), Thematic planning ($300)",Weekly reminders ($200),Free rebuild if not usable,$1200,$397,Only limited content calendar slots available per month to maintain quality.
QA,"QA checklist with pass/fail records ($300), Accessibility & compliance checks ($400), Final approval before publishing ($300)",Pre-publish blockers ($200),Free recheck + extended coverage if errors slip,$1200,$297,Only limited qa slots available per month to maintain quality.
Analytics Dashboard,"Custom analytics dashboard ($1200), Data dictionary ($400), Training session ($500)",Auto-refresh scheduling ($300),Free rebuild if dashboard isn’t actionable,$2400,$1497,Only limited analytics dashboard slots available per month to maintain quality.
Contracts,"Contract drafting or review ($700), Compliance notes ($400), Renewal reminders ($300)",eSign setup ($200),Unlimited revisions until approval,$1600,$597,Only limited contracts slots available per month to maintain quality.
Prompt Library,"Curated prompt pack (20–50) ($400), Usage guide ($200), Best practices ($200)",Periodic updates ($200),Free replacements if no output improvement,$1000,$297,Only limited prompt library slots available per month to maintain quality.
AI Automation,"End-to-end automation project ($1500), SOP documentation ($500), Monitoring setup ($400)",Team training ($400),Free rebuild if no time saved,$2800,$1997,Only limited ai automation slots available per month to maintain quality.
Influencer Management,"Influencer sourcing & vetting ($1000), Contracts & deliverable tracking ($700), ROI reporting dashboard ($600)",Rate negotiation ($300),Free replacements if influencers underdeliver,$2600,$1497,Only limited influencer management slots available per month to maintain quality.
Gamification,"Gamification campaign build ($1000), Leaderboard setup ($500), Automation integrations ($400)",Engagement playbook ($300),Free rework if no uplift,$2200,$1297,Only limited gamification slots available per month to maintain quality.
Landing Page Design,"Conversion-focused landing page ($1000), Copywriting & design included ($800), Mobile optimization ($400)",Heatmap & scroll tracking setup ($300),Free rework if underperforming,$2500,$1497,Only limited landing page design slots available per month to maintain quality.
Tracking & Pixels Setup,"Pixel setup (Meta, Google, TikTok) ($600), UTM standards + templates ($400), Event/conversion setup ($500)",QA validation checklist ($300),Free fixes until validated,$1800,$997,Only limited tracking & pixels setup slots available per month to maintain quality.
UGC Curation,"Curated UGC shortlist ($500), Permissions & rights management ($400), Scheduling & crediting plan ($300)",UGC outreach scripts ($200),Free refresh if no performance uplift,$1400,$497,Only limited ugc curation slots available per month to maintain quality.
